Sport,http://publications.mcgill.ca/mcgillnews/files/2016/03/Hockey.jpg
Concert,https://encrypted-tbn0.gstatic.com/images?q=tbn:ANd9GcSVMSDxUq29dk9Bor-pjyhwq8OBoMO7k0OAk3xH8gC2bu8tvNul
Gallery,http://hitechnews.biz/wp-content/uploads/2015/04/dsc0017.jpg
Museum,http://d1xejl9xcsndu9.cloudfront.net/wp-content/uploads/2011/05/field-museum-636x431.jpg
Theatre,https://s-media-cache-ak0.pinimg.com/736x/04/f3/eb/04f3eb4e80bb3cec356afae8040febf3.jpg
Zoo,https://encrypted-tbn3.gstatic.com/images?q=tbn:ANd9GcQtFJWKy-ZAYTEgRNgMAxDmg3YhmCyFE_qHJ8azRllTvDFpCShs
Comtemporary,http://cdn.homedit.com/wp-content/uploads/2012/03/contemporary-white-house3.jpg
Park,http://www.surreydeltahomesforsale.com/wp-content/uploads/2015/06/WaterworksPark4.jpg
Amusement,http://ecx.images-amazon.com/images/I/91aVIloCwgL._SL1500_.jpg
Church,https://encrypted-tbn2.gstatic.com/images?q=tbn:ANd9GcTepu8ygjh8GXEmhrkST5VvifEuFLZdhSqPwrUjtPLIPMcY5_4ySg
History,https://encrypted-tbn3.gstatic.com/images?q=tbn:ANd9GcTxlT_In3OSLc6DXC9mvbS_t0sRvtA7rju0ndr3jYZtrYR8S7EV
Government,http://www.taoiseach.gov.ie/uploadedfiles/upload/included/309_6.jpg